date,time
12/26/21,21:45:28
12/26/21,22:50:24
12/26/21,22:50:24
12/26/21,22:50:25
12/26/21,22:50:25
12/26/21,22:50:25
12/26/21,22:50:25
12/26/21,22:50:27
12/26/21,22:50:28
12/26/21,22:50:28
12/26/21,22:50:28
12/26/21,22:50:28
12/26/21,22:50:28
12/26/21,22:50:29
12/26/21,22:50:29
12/26/21,22:50:29
12/26/21,22:50:29
12/26/21,22:50:29
12/26/21,22:50:30
12/20/21,20:36:29
12/20/21,20:36:30
12/20/21,20:36:30
12/20/21,20:36:30
12/20/21,20:36:30
12/20/21,20:36:30
12/20/21,20:36:30
12/20/21,20:36:31
12/20/21,20:36:31
12/20/21,20:36:31
12/20/21,20:36:31
12/20/21,20:36:31
12/20/21,20:36:31
12/20/21,20:36:39
12/20/21,20:36:39
12/20/21,20:36:40
12/20/21,20:36:40
